{
	"swagger": "2.0",
	"security": [
		{
			"OAuth2": []
		}
	],
	"info": {
		"version": "1.0.0",
		"title": "Asset Management API",
		"description": "The Asset Management API enables you to assign unique values to asset line items on requisitions before purchase orders are generated. You use this API to create a client application to do the following:\n* Get the count of requisitions consisting of asset items.\n* Get requisitions consisting of line items configured as assets in the SAP Ariba Procurement solution.\n* Assign unique values to asset items on requisitions fetched from the SAP Ariba Procurement solution."
	},
	"paths": {
		"/requisitions": {
			"get": {
				"description": "Returns a list of requisitions consisting of asset line items based on specified filter criteria",
				"summary": "Returns requisitions that match specified criteria",
				"tags": [
					"Asset Requisition"
				],
				"operationId": "Get list of asset requisitions",
				"produces": [
					"application/json"
				],
				"responses": {
					"200": {
						"description": "Details of the requisitions",
						"schema": {
							"$ref": "#/definitions/tempAKS"
						}
					}
				}
			}
		}
	},
	"definitions": {
		"tempAKS": {
			"type": "object",
			"required": [
				"id"
			],
			"properties": {
				"instance": {
					"type": "object",
					"properties": {
				"id": {
					"type": "string",
					"pattern": "^[0-9a-f]{8}-[0-9a-f]{4}-[0-9a-f]{4}-[0-9a-f]{4}-[0-9a-f]{12}$"
				},
				"displayName": {
					"type": "string",
					"maxLength": 30
				},
				"displayName": {
					"type": "string",
					"maxLength": 30
				},
				"localIdS4": {
					"type": "object",
					"properties": {
						"logicalSystem": {
							"type": "string",
							"maxLength": 10
						},
						"companyCode": {
							"type": "string",
							"maxLength": 4
						},
						"costCenterId": {
							"type": "string",
							"maxLength": 10
						},
						"controllingArea": {
							"type": "string",
							"maxLength": 4
						}
					}
				},
				"isValid": {
					"type": "array",
					"items": {
						"type": "object",
						"required": [
							"content"
						],
						"properties": {
							"valid_from": {
								"type": "string",
								"format": "date"
							},
							"valid_to": {
								"type": "string",
								"format": "date"
							},
							"content": {
								"type": "boolean"
							}
						}
					}
				},
				"attributes": {
					"type": "array",
					"items": {
						"type": "object",
						"required": [
							"content"
						],
						"properties": {
							"valid_from": {
								"type": "string",
								"format": "date"
							},
							"valid_to": {
								"type": "string",
								"format": "date"
							},
							"content": {
								"type": "object",
								"properties": {
									"responsible": {
										"type": "object",
										"required": [
											"id"
										],
										"properties": {
											"id": {
												"type": "string",
												"pattern": "^[0-9a-f]{8}-[0-9a-f]{4}-[0-9a-f]{4}-[0-9a-f]{4}-[0-9a-f]{12}$"
											}
										}
									},
									"isBlockedForPrimaryPosting": {
										"type": "boolean"
									},
									"isBlockedForSecondaryPosting": {
										"type": "boolean"
									},
									"name": {
										"type": "array",
										"items": {
											"type": "object",
											"required": [
												"lang",
												"content"
											],
											"properties": {
												"lang": {
													"type": "string",
													"pattern": "^[a-z]{2}(?:-[A-z]{2})?$"
												},
												"content": {
													"type": "string",
													"maxLength": 20
												}
											}
										}
									},
									"description": {
										"type": "array",
										"items": {
											"type": "object",
											"required": [
												"lang",
												"content"
											],
											"properties": {
												"lang": {
													"type": "string",
													"pattern": "^[a-z]{2}(?:-[A-z]{2})?$"
												},
												"content": {
													"type": "string",
													"maxLength": 40
												}
											}
										}
									},
									"taxJurisdiction": {
										"type": "object",
										"required": [
											"code"
										],
										"properties": {
											"code": {
												"type": "string",
												"maxLength": 15
											}
										}
									}
								}
							}
						}
					}
				}
			}
		},
		        "operation": {
					"type": "string",
					"pattern": "^[0-9a-f]{8}-[0-9a-f]{4}-[0-9a-f]{4}-[0-9a-f]{4}-[0-9a-f]{12}$"
				},
				"localIds": {
					"type": "array",
					"items": {
					  "type": "object",
					  "required": [],
					  "properties": {
						"context": {
						  "type": "object",
						  "required": [],
						  "properties": {
							"application": {
							  "type": "string"
							},
							"tenant": {
							  "type": "string"
							}
						  }
						},
						"localId": {
						  "type": "string"
						}
					  }
					}
				  }
	}
}
}
}
